{
    "step": 10,
    "loss_0": 16.385936737060547,
    "acc_0": 0.24874624609947205,
    "train": {
        "loss": 0.8650200366973877,
        "accuracy": 0.6134504079818726
    },
    "eval": {
        "loss": 0.8598482012748718,
        "accuracy": 0.6238716244697571
    },
    "best_loss": 0.8598482012748718,
    "best_acc": 0.6238716244697571,
    "best_test_loss": 0.9009807109832764,
    "best_test_acc": 0.6390977501869202
}